sample,value
0.000000000000,3320
0.000002173900,3320
0.000004347800,3320
0.000006521700,3320
0.000008695600,3320
0.000010869500,3320
0.000013043400,3320
0.000015217300,3320
0.000017391200,3320
0.000019565100,3320
0.000021739000,3320
0.000023912900,3320
0.000026086800,3320
0.000028260700,3320
0.000030434600,3320
0.000032608500,3320
0.000034782400,3320
0.000036956300,3320
0.000039130200,3320
0.000041304100,3320
0.000043478000,3320
0.000045651900,3320
0.000047825800,3320
0.000049999700,3320
0.000052173600,3320
0.000054347500,3320
0.000056521400,3320
0.000058695300,3320
0.000060869200,3320
0.000063043100,3360
0.000065217000,3320
0.000067390900,3320
0.000069564800,3320
0.000071738700,3320
0.000073912600,3320
0.000076086500,3320
0.000078260400,3320
0.000080434300,3320
0.000082608200,3320
0.000084782100,3320
0.000086956000,3320
0.000089129900,3320
0.000091303800,3320
0.000093477700,3320
0.000095651600,3320
0.000097825500,3320
0.000099999400,3320
0.000102173300,3320
0.000104347200,3320
0.000106521100,3320
0.000108695000,3320
0.000110868900,3320
0.000113042800,3320
0.000115216700,3320
0.000117390600,3320
0.000119564500,3320
0.000121738400,3320
0.000123912300,3320
0.000126086200,3320
0.000128260100,3320
0.000130434000,3320
0.000132607900,3320
0.000134781800,3320
0.000136955700,3320
0.000139129600,3320
0.000141303500,3320
0.000143477400,3320
0.000145651300,3320
0.000147825200,3360
0.000149999100,3320
0.000152173000,3320
0.000154346900,3320
0.000156520800,3320
0.000158694700,3320
0.000160868600,3320
0.000163042500,3360
0.000165216400,3320
0.000167390300,3360
0.000169564200,3320
0.000171738100,3320
0.000173912000,3320
0.000176085900,3320
0.000178259800,3320
0.000180433700,3320
0.000182607600,3320
0.000184781500,3320
0.000186955400,3320
0.000189129300,3320
0.000191303200,3320
0.000193477100,3320
0.000195651000,3320
0.000197824900,3320
0.000199998800,3360
0.000202172700,3320
0.000204346600,3320
0.000206520500,3320
0.000208694400,3320
0.000210868300,3320
0.000213042200,3320
0.000215216100,3320
0.000217390000,3320
0.000219563900,3320
0.000221737800,3320
0.000223911700,3320
0.000226085600,3320
0.000228259500,3320
0.000230433400,3320
0.000232607300,3320
0.000234781200,3320
0.000236955100,3360
0.000239129000,3320
0.000241302900,3360
0.000243476800,3320
0.000245650700,3320
0.000247824600,3320
0.000249998500,3320
0.000252172400,3320
0.000254346300,3320
0.000256520200,3360
0.000258694100,3320
0.000260868000,3320
0.000263041900,3320
0.000265215800,3320
0.000267389700,3320
0.000269563600,3320
0.000271737500,3320
0.000273911400,3320
0.000276085300,3320
0.000278259200,3320
0.000280433100,3320
0.000282607000,3320
0.000284780900,3320
0.000286954800,3320
0.000289128700,3320
0.000291302600,3320
0.000293476500,3320
0.000295650400,3360
0.000297824300,3320
0.000299998200,3320
0.000302172100,3320
0.000304346000,3320
0.000306519900,3320
0.000308693800,3320
0.000310867700,3360
0.000313041600,3320
0.000315215500,3320
0.000317389400,3360
0.000319563300,3360
0.000321737200,3320
0.000323911100,3320
0.000326085000,3360
0.000328258900,3320
0.000330432800,3320
0.000332606700,3320
0.000334780600,3360
0.000336954500,3320
0.000339128400,3360
0.000341302300,3320
0.000343476200,3320
0.000345650100,3320
0.000347824000,3320
0.000349997900,3320
0.000352171800,3320
0.000354345700,3320
0.000356519600,3320
0.000358693500,3320
0.000360867400,3320
0.000363041300,3320
0.000365215200,3320
0.000367389100,3320
0.000369563000,3320
0.000371736900,3320
0.000373910800,3320
0.000376084700,3320
0.000378258600,3320
0.000380432500,3320
0.000382606400,3320
0.000384780300,3320
0.000386954200,3360
0.000389128100,3320
0.000391302000,3320
0.000393475900,3320
0.000395649800,3320
0.000397823700,3360
0.000399997600,3320
0.000402171500,3320
0.000404345400,3320
0.000406519300,3320
0.000408693200,3320
0.000410867100,3320
0.000413041000,3320
0.000415214900,3320
0.000417388800,3320
0.000419562700,3320
0.000421736600,3320
0.000423910500,3320
0.000426084400,3320
0.000428258300,3320
0.000430432200,3360
0.000432606100,3360
0.000434780000,3320
0.000436953900,3360
0.000439127800,3320
0.000441301700,3320
0.000443475600,3360
0.000445649500,3360
0.000447823400,3320
0.000449997300,3320
0.000452171200,3360
0.000454345100,3320
0.000456519000,3320
0.000458692900,3320
0.000460866800,3320
0.000463040700,3360
0.000465214600,3320
0.000467388500,3320
0.000469562400,3320
0.000471736300,3360
0.000473910200,3320
0.000476084100,3320
0.000478258000,3320
0.000480431900,3320
0.000482605800,3320
0.000484779700,3320
0.000486953600,3320
0.000489127500,3360
0.000491301400,3320
0.000493475300,3320
0.000495649200,3320
0.000497823100,3360
0.000499997000,40
0.000502170900,80
0.000504344800,40
0.000506518700,80
0.000508692600,40
0.000510866500,80
0.000513040400,80
0.000515214300,80
0.000517388200,80
0.000519562100,80
0.000521736000,80
0.000523909900,80
0.000526083800,80
0.000528257700,80
0.000530431600,80
0.000532605500,80
0.000534779400,80
0.000536953300,80
0.000539127200,40
0.000541301100,80
0.000543475000,80
0.000545648900,40
0.000547822800,80
0.000549996700,40
0.000552170600,80
0.000554344500,80
0.000556518400,80
0.000558692300,80
0.000560866200,80
0.000563040100,80
0.000565214000,80
0.000567387900,80
0.000569561800,80
0.000571735700,40
0.000573909600,80
0.000576083500,80
0.000578257400,80
0.000580431300,80
0.000582605200,80
0.000584779100,40
0.000586953000,80
0.000589126900,80
0.000591300800,80
0.000593474700,80
0.000595648600,80
0.000597822500,80
0.000599996400,80
0.000602170300,80
0.000604344200,40
0.000606518100,80
0.000608692000,40
0.000610865900,40
0.000613039800,80
0.000615213700,80
0.000617387600,80
0.000619561500,80
0.000621735400,80
0.000623909300,80
0.000626083200,80
0.000628257100,80
0.000630431000,80
0.000632604900,80
0.000634778800,40
0.000636952700,40
0.000639126600,40
0.000641300500,80
0.000643474400,80
0.000645648300,80
0.000647822200,80
0.000649996100,40
0.000652170000,80
0.000654343900,80
0.000656517800,40
0.000658691700,80
0.000660865600,40
0.000663039500,80
0.000665213400,80
0.000667387300,80
0.000669561200,80
0.000671735100,80
0.000673909000,80
0.000676082900,80
0.000678256800,40
0.000680430700,80
0.000682604600,80
0.000684778500,80
0.000686952400,80
0.000689126300,80
0.000691300200,80
0.000693474100,80
0.000695648000,80
0.000697821900,40
0.000699995800,120
0.000702169700,80
0.000704343600,80
0.000706517500,80
0.000708691400,80
0.000710865300,80
0.000713039200,80
0.000715213100,80
0.000717387000,80
0.000719560900,80
0.000721734800,80
0.000723908700,40
0.000726082600,0
0.000728256500,80
0.000730430400,80
0.000732604300,80
0.000734778200,40
0.000736952100,80
0.000739126000,40
0.000741299900,80
0.000743473800,40
0.000745647700,80
0.000747821600,0
0.000749995500,40
0.000752169400,80
0.000754343300,80
0.000756517200,40
0.000758691100,40
0.000760865000,80
0.000763038900,80
0.000765212800,40
0.000767386700,80
0.000769560600,0
0.000771734500,40
0.000773908400,80
0.000776082300,80
0.000778256200,80
0.000780430100,40
0.000782604000,80
0.000784777900,80
0.000786951800,80
0.000789125700,80
0.000791299600,0
0.000793473500,80
0.000795647400,40
0.000797821300,40
0.000799995200,80
0.000802169100,80
0.000804343000,40
0.000806516900,80
0.000808690800,80
0.000810864700,80
0.000813038600,0
0.000815212500,80
0.000817386400,80
0.000819560300,80
0.000821734200,80
0.000823908100,40
0.000826082000,40
0.000828255900,40
0.000830429800,40
0.000832603700,40
0.000834777600,40
0.000836951500,80
0.000839125400,80
0.000841299300,80
0.000843473200,80
0.000845647100,40
0.000847821000,80
0.000849994900,40
0.000852168800,80
0.000854342700,80
0.000856516600,80
0.000858690500,80
0.000860864400,40
0.000863038300,80
0.000865212200,80
0.000867386100,80
0.000869560000,80
0.000871733900,80
0.000873907800,80
0.000876081700,80
0.000878255600,120
0.000880429500,80
0.000882603400,40
0.000884777300,40
0.000886951200,80
0.000889125100,40
0.000891299000,80
0.000893472900,80
0.000895646800,80
0.000897820700,80
0.000899994600,40
0.000902168500,80
0.000904342400,40
0.000906516300,80
0.000908690200,80
0.000910864100,0
0.000913038000,80
0.000915211900,80
0.000917385800,80
0.000919559700,80
0.000921733600,40
0.000923907500,80
0.000926081400,40
0.000928255300,40
0.000930429200,80
0.000932603100,80
0.000934777000,40
0.000936950900,80
0.000939124800,80
0.000941298700,80
0.000943472600,80
0.000945646500,40
0.000947820400,40
0.000949994300,40
0.000952168200,80
0.000954342100,40
0.000956516000,80
0.000958689900,80
0.000960863800,40
0.000963037700,80
0.000965211600,80
0.000967385500,40
0.000969559400,40
0.000971733300,80
0.000973907200,80
0.000976081100,40
0.000978255000,80
0.000980428900,40
0.000982602800,40
0.000984776700,80
0.000986950600,40
0.000989124500,80
0.000991298400,40
0.000993472300,80
0.000995646200,40
0.000997820100,80
0.000999994000,80
0.001002167900,40
0.001004341800,80
0.001006515700,40
0.001008689600,40
0.001010863500,80
0.001013037400,80
0.001015211300,80
0.001017385200,80
0.001019559100,80
0.001021733000,80
0.001023906900,40
0.001026080800,80
0.001028254700,80
0.001030428600,40
0.001032602500,40
0.001034776400,80
0.001036950300,40
0.001039124200,40
0.001041298100,40
0.001043472000,880
0.001045645900,3320
0.001047819800,3320
0.001049993700,3320
0.001052167600,3320
0.001054341500,3320
0.001056515400,3320
0.001058689300,3320
0.001060863200,3320
0.001063037100,3320
0.001065211000,3320
0.001067384900,3320
0.001069558800,3320
0.001071732700,3320
0.001073906600,3320
0.001076080500,3320
0.001078254400,3320
0.001080428300,3320
0.001082602200,3320
0.001084776100,3320
0.001086950000,3320
0.001089123900,3320
0.001091297800,3320
0.001093471700,3320
0.001095645600,3320
0.001097819500,3320
0.001099993400,3320
0.001102167300,3320
0.001104341200,3320
0.001106515100,3320
0.001108689000,3320
0.001110862900,3320
0.001113036800,3320
0.001115210700,3320
0.001117384600,3320
0.001119558500,3320
0.001121732400,3320
0.001123906300,3320
0.001126080200,3320
0.001128254100,3320
0.001130428000,3320
0.001132601900,3320
0.001134775800,3320
0.001136949700,3320
0.001139123600,3320
0.001141297500,3320
0.001143471400,3320
0.001145645300,3320
0.001147819200,3320
0.001149993100,3320
0.001152167000,3320
0.001154340900,3320
0.001156514800,3320
0.001158688700,3320
0.001160862600,3320
0.001163036500,3320
0.001165210400,3320
0.001167384300,3320
0.001169558200,3320
0.001171732100,3320
0.001173906000,3320
0.001176079900,3320
0.001178253800,3320
0.001180427700,3320
0.001182601600,3320
0.001184775500,3320
0.001186949400,3320
0.001189123300,3280
0.001191297200,3320
0.001193471100,3320
0.001195645000,3320
0.001197818900,3320
0.001199992800,3320
0.001202166700,3320
0.001204340600,3320
0.001206514500,3320
0.001208688400,3320
0.001210862300,3320
0.001213036200,3320
0.001215210100,3320
0.001217384000,3320
0.001219557900,3320
0.001221731800,3320
0.001223905700,3320
0.001226079600,3320
0.001228253500,3320
0.001230427400,3320
0.001232601300,3320
0.001234775200,3320
0.001236949100,3320
0.001239123000,3320
0.001241296900,3320
0.001243470800,3320
0.001245644700,3320
0.001247818600,3320
0.001249992500,3320
0.001252166400,3320
0.001254340300,3320
0.001256514200,3320
0.001258688100,3320
0.001260862000,3320
0.001263035900,3320
0.001265209800,3320
0.001267383700,3320
0.001269557600,3320
0.001271731500,3320
0.001273905400,3320
0.001276079300,3320
0.001278253200,3320
0.001280427100,3320
0.001282601000,3360
0.001284774900,3320
0.001286948800,3320
0.001289122700,3360
0.001291296600,3320
0.001293470500,3320
0.001295644400,3320
0.001297818300,3320
0.001299992200,3360
0.001302166100,3320
0.001304340000,3320
0.001306513900,3320
0.001308687800,3320
0.001310861700,3320
0.001313035600,3320
0.001315209500,3320
0.001317383400,3320
0.001319557300,3320
0.001321731200,3320
0.001323905100,3320
0.001326079000,3360
0.001328252900,3320
0.001330426800,3320
0.001332600700,3320
0.001334774600,3360
0.001336948500,3320
0.001339122400,3320
0.001341296300,3320
0.001343470200,3320
0.001345644100,3320
0.001347818000,3320
0.001349991900,3320
0.001352165800,3320
0.001354339700,3320
0.001356513600,3360
0.001358687500,3320
0.001360861400,3320
0.001363035300,3320
0.001365209200,3320
0.001367383100,3320
0.001369557000,3320
0.001371730900,3320
0.001373904800,3320
0.001376078700,3320
0.001378252600,3360
0.001380426500,3320
0.001382600400,3320
0.001384774300,3320
0.001386948200,3360
0.001389122100,3320
0.001391296000,3320
0.001393469900,3320
0.001395643800,3320
0.001397817700,3320
0.001399991600,3320
0.001402165500,3320
0.001404339400,3360
0.001406513300,3360
0.001408687200,3360
0.001410861100,3320
0.001413035000,3320
0.001415208900,3320
0.001417382800,3360
0.001419556700,3320
0.001421730600,3320
0.001423904500,3320
0.001426078400,3320
0.001428252300,3320
0.001430426200,3320
0.001432600100,3320
0.001434774000,3320
0.001436947900,3320
0.001439121800,3360
0.001441295700,3320
0.001443469600,3320
0.001445643500,3320
0.001447817400,3320
0.001449991300,3320
0.001452165200,3320
0.001454339100,3320
0.001456513000,3320
0.001458686900,3320
0.001460860800,3320
0.001463034700,3320
0.001465208600,3320
0.001467382500,3320
0.001469556400,3320
0.001471730300,3320
0.001473904200,3320
0.001476078100,3320
0.001478252000,3360
0.001480425900,3320
0.001482599800,3360
0.001484773700,3320
0.001486947600,3320
0.001489121500,3320
0.001491295400,3320
0.001493469300,3320
0.001495643200,3320
0.001497817100,3360
0.001499991000,3360
0.001502164900,3320
0.001504338800,3360
0.001506512700,3320
0.001508686600,3320
0.001510860500,3320
0.001513034400,3360
0.001515208300,3320
0.001517382200,3320
0.001519556100,3320
0.001521730000,3360
0.001523903900,3360
0.001526077800,3360
0.001528251700,3320
0.001530425600,3320
0.001532599500,3320
0.001534773400,3360
0.001536947300,3320
0.001539121200,3360
0.001541295100,3320
0.001543469000,3320
0.001545642900,3320
0.001547816800,3320
0.001549990700,3320
0.001552164600,3320
0.001554338500,3320
0.001556512400,3320
0.001558686300,3320
0.001560860200,3320
0.001563034100,3320
0.001565208000,3320
0.001567381900,3320
0.001569555800,3320
0.001571729700,3320
0.001573903600,3320
0.001576077500,3320
0.001578251400,3320
0.001580425300,3320
0.001582599200,40
0.001584773100,80
0.001586947000,40
0.001589120900,80
0.001591294800,80
0.001593468700,80
0.001595642600,80
0.001597816500,80
0.001599990400,80
0.001602164300,80
0.001604338200,80
0.001606512100,80
0.001608686000,80
0.001610859900,80
0.001613033800,80
0.001615207700,80
0.001617381600,80
0.001619555500,80
0.001621729400,80
0.001623903300,80
0.001626077200,80
0.001628251100,80
0.001630425000,80
0.001632598900,80
0.001634772800,80
0.001636946700,80
0.001639120600,80
0.001641294500,80
0.001643468400,80
0.001645642300,80
0.001647816200,80
0.001649990100,80
0.001652164000,40
0.001654337900,40
0.001656511800,80
0.001658685700,80
0.001660859600,80
0.001663033500,80
0.001665207400,80
0.001667381300,80
0.001669555200,80
0.001671729100,80
0.001673903000,80
0.001676076900,80
0.001678250800,40
0.001680424700,80
0.001682598600,80
0.001684772500,80
0.001686946400,80
0.001689120300,40
0.001691294200,80
0.001693468100,80
0.001695642000,80
0.001697815900,80
0.001699989800,80
0.001702163700,80
0.001704337600,80
0.001706511500,40
0.001708685400,80
0.001710859300,80
0.001713033200,80
0.001715207100,40
0.001717381000,40
0.001719554900,80
0.001721728800,80
0.001723902700,80
0.001726076600,80
0.001728250500,80
0.001730424400,80
0.001732598300,40
0.001734772200,80
0.001736946100,80
0.001739120000,80
0.001741293900,80
0.001743467800,40
0.001745641700,80
0.001747815600,80
0.001749989500,80
0.001752163400,80
0.001754337300,40
0.001756511200,40
0.001758685100,40
0.001760859000,80
0.001763032900,80
0.001765206800,80
0.001767380700,40
0.001769554600,80
0.001771728500,80
0.001773902400,80
0.001776076300,40
0.001778250200,80
0.001780424100,80
0.001782598000,80
0.001784771900,80
0.001786945800,80
0.001789119700,80
0.001791293600,80
0.001793467500,40
0.001795641400,80
0.001797815300,80
0.001799989200,80
0.001802163100,80
0.001804337000,40
0.001806510900,80
0.001808684800,40
0.001810858700,80
0.001813032600,80
0.001815206500,80
0.001817380400,80
0.001819554300,80
0.001821728200,80
0.001823902100,40
0.001826076000,40
0.001828249900,80
0.001830423800,40
0.001832597700,40
0.001834771600,80
0.001836945500,40
0.001839119400,40
0.001841293300,40
0.001843467200,40
0.001845641100,40
0.001847815000,80
0.001849988900,40
0.001852162800,80
0.001854336700,80
0.001856510600,40
0.001858684500,80
0.001860858400,80
0.001863032300,40
0.001865206200,80
0.001867380100,40
0.001869554000,40
0.001871727900,80
0.001873901800,40
0.001876075700,40
0.001878249600,80
0.001880423500,80
0.001882597400,40
0.001884771300,40
0.001886945200,80
0.001889119100,40
0.001891293000,80
0.001893466900,80
0.001895640800,40
0.001897814700,40
0.001899988600,40
0.001902162500,40
0.001904336400,40
0.001906510300,40
0.001908684200,40
0.001910858100,80
0.001913032000,80
0.001915205900,40
0.001917379800,40
0.001919553700,80
0.001921727600,80
0.001923901500,80
0.001926075400,0
0.001928249300,40
0.001930423200,80
0.001932597100,40
0.001934771000,80
0.001936944900,40
0.001939118800,40
0.001941292700,80
0.001943466600,80
0.001945640500,80
0.001947814400,40
0.001949988300,40
0.001952162200,80
0.001954336100,80
0.001956510000,80
0.001958683900,120
0.001960857800,80
0.001963031700,40
0.001965205600,80
0.001967379500,80
0.001969553400,40
0.001971727300,80
0.001973901200,80
0.001976075100,80
0.001978249000,80
0.001980422900,80
0.001982596800,40
0.001984770700,40
0.001986944600,80
0.001989118500,40
0.001991292400,40
0.001993466300,80
0.001995640200,40
0.001997814100,40
0.001999988000,40
0.002002161900,80
0.002004335800,40
0.002006509700,40
0.002008683600,80
0.002010857500,80
0.002013031400,80
0.002015205300,40
0.002017379200,80
0.002019553100,80
0.002021727000,40
0.002023900900,40
0.002026074800,40
0.002028248700,40
0.002030422600,80
0.002032596500,40
0.002034770400,40
0.002036944300,40
0.002039118200,80
0.002041292100,40
0.002043466000,80
0.002045639900,40
0.002047813800,40
0.002049987700,40
0.002052161600,0
0.002054335500,40
0.002056509400,80
0.002058683300,80
0.002060857200,40
0.002063031100,40
0.002065205000,40
0.002067378900,80
0.002069552800,40
0.002071726700,80
0.002073900600,80
0.002076074500,40
0.002078248400,80
0.002080422300,40
0.002082596200,40
0.002084770100,80
0.002086944000,40
0.002089117900,40
0.002091291800,80
0.002093465700,80
0.002095639600,40
0.002097813500,40
0.002099987400,80
0.002102161300,80
0.002104335200,40
0.002106509100,80
0.002108683000,40
0.002110856900,80
0.002113030800,80
0.002115204700,40
0.002117378600,80
0.002119552500,80
0.002121726400,40
0.002123900300,40
0.002126074200,880
0.002128248100,3320
0.002130422000,3320
0.002132595900,3320
0.002134769800,3320
0.002136943700,3320
0.002139117600,3320
0.002141291500,3320
0.002143465400,3320
0.002145639300,3320
0.002147813200,3320
0.002149987100,3320
0.002152161000,3320
0.002154334900,3320
0.002156508800,3320
0.002158682700,3320
0.002160856600,3320
0.002163030500,3320
0.002165204400,3320
0.002167378300,3320
0.002169552200,3320
0.002171726100,3320
0.002173900000,3320
0.002176073900,3320
0.002178247800,3320
0.002180421700,3320
0.002182595600,3320
0.002184769500,3320
0.002186943400,3320
0.002189117300,3320
0.002191291200,3320
0.002193465100,3320
0.002195639000,3320
0.002197812900,3320
0.002199986800,3320
0.002202160700,3320
0.002204334600,3320
0.002206508500,3320
0.002208682400,3320
0.002210856300,3320
0.002213030200,3320
0.002215204100,3320
0.002217378000,3320
0.002219551900,3320
0.002221725800,3320
0.002223899700,3320
0.002226073600,3320
0.002228247500,3320
0.002230421400,3320
0.002232595300,3320
0.002234769200,3320
0.002236943100,3320
0.002239117000,3320
0.002241290900,3320
0.002243464800,3320
0.002245638700,3320
0.002247812600,3320
0.002249986500,3320
0.002252160400,3320
0.002254334300,3320
0.002256508200,3320
0.002258682100,3320
0.002260856000,3320
0.002263029900,3320
0.002265203800,3360
0.002267377700,3320
0.002269551600,3320
0.002271725500,3320
0.002273899400,3320
0.002276073300,3320
0.002278247200,3320
0.002280421100,3320
0.002282595000,3320
0.002284768900,3320
0.002286942800,3320
0.002289116700,3320
0.002291290600,3320
0.002293464500,3320
0.002295638400,3320
0.002297812300,3320
0.002299986200,3320
0.002302160100,3320
0.002304334000,3320
0.002306507900,3320
0.002308681800,3320
0.002310855700,3320
0.002313029600,3320
0.002315203500,3320
0.002317377400,3320
0.002319551300,3320
0.002321725200,3320
0.002323899100,3320
0.002326073000,3320
0.002328246900,3320
0.002330420800,3320
0.002332594700,3320
0.002334768600,3320
0.002336942500,3320
0.002339116400,3320
0.002341290300,3320
0.002343464200,3320
0.002345638100,3320
0.002347812000,3320
0.002349985900,3320
0.002352159800,3320
0.002354333700,3320
0.002356507600,3320
0.002358681500,3320
0.002360855400,3360
0.002363029300,3320
0.002365203200,3320
0.002367377100,3320
0.002369551000,3320
0.002371724900,3320
0.002373898800,3320
0.002376072700,3320
0.002378246600,3320
0.002380420500,3320
0.002382594400,3320
0.002384768300,3320
0.002386942200,3360
0.002389116100,3320
0.002391290000,3320
0.002393463900,3320
0.002395637800,3320
0.002397811700,3320
0.002399985600,3320
0.002402159500,3320
0.002404333400,3360
0.002406507300,3320
0.002408681200,3320
0.002410855100,3320
0.002413029000,3320
0.002415202900,3320
0.002417376800,3320
0.002419550700,3320
0.002421724600,3320
0.002423898500,3320
0.002426072400,3320
0.002428246300,3320
0.002430420200,3320
0.002432594100,3320
0.002434768000,3320
0.002436941900,3320
0.002439115800,3320
0.002441289700,3320
0.002443463600,3320
0.002445637500,3360
0.002447811400,3320
0.002449985300,3320
0.002452159200,3320
0.002454333100,3320
0.002456507000,3360
0.002458680900,3320
0.002460854800,3320
0.002463028700,3320
0.002465202600,3320
0.002467376500,3360
0.002469550400,3320
0.002471724300,3320
0.002473898200,3320
0.002476072100,3320
0.002478246000,3320
0.002480419900,3320
0.002482593800,3320
0.002484767700,3320
0.002486941600,3360
0.002489115500,3320
0.002491289400,3320
0.002493463300,3320
0.002495637200,3320
0.002497811100,3360
0.002499985000,3320
0.002502158900,3360
0.002504332800,3320
0.002506506700,3320
0.002508680600,3320
0.002510854500,3320
0.002513028400,3320
0.002515202300,3320
0.002517376200,3320
0.002519550100,3320
0.002521724000,3320
0.002523897900,3320
0.002526071800,3360
0.002528245700,3320
0.002530419600,3320
0.002532593500,3320
0.002534767400,3320
0.002536941300,3320
0.002539115200,3320
0.002541289100,3320
0.002543463000,3320
0.002545636900,3360
0.002547810800,3320
0.002549984700,3320
0.002552158600,3360
0.002554332500,3320
0.002556506400,3320
0.002558680300,3320
0.002560854200,3320
0.002563028100,3320
0.002565202000,3320
0.002567375900,3320
0.002569549800,3320
0.002571723700,3320
0.002573897600,3320
0.002576071500,3360
0.002578245400,3320
0.002580419300,3320
0.002582593200,3320
0.002584767100,3320
0.002586941000,3320
0.002589114900,3320
0.002591288800,3360
0.002593462700,3320
0.002595636600,3320
0.002597810500,3360
0.002599984400,3320
0.002602158300,3320
0.002604332200,3320
0.002606506100,3360
0.002608680000,3360
0.002610853900,3320
0.002613027800,3320
0.002615201700,3320
0.002617375600,3320
0.002619549500,3320
0.002621723400,3320
0.002623897300,3320
0.002626071200,3320
0.002628245100,3320
0.002630419000,3320
0.002632592900,3320
0.002634766800,3360
0.002636940700,3360
0.002639114600,3360
0.002641288500,3320
0.002643462400,3320
0.002645636300,3320
0.002647810200,3320
0.002649984100,3320
0.002652158000,3320
0.002654331900,3320
0.002656505800,3320
0.002658679700,3320
0.002660853600,3360
0.002663027500,3320
0.002665201400,40
0.002667375300,40
0.002669549200,80
0.002671723100,80
0.002673897000,80
0.002676070900,80
0.002678244800,80
0.002680418700,80
0.002682592600,80
0.002684766500,40
0.002686940400,80
0.002689114300,80
0.002691288200,80
0.002693462100,80
0.002695636000,80
0.002697809900,80
0.002699983800,80
0.002702157700,80
0.002704331600,80
0.002706505500,80
0.002708679400,80
0.002710853300,80
0.002713027200,120
0.002715201100,80
0.002717375000,80
0.002719548900,80
0.002721722800,80
0.002723896700,80
0.002726070600,80
0.002728244500,80
0.002730418400,80
0.002732592300,40
0.002734766200,80
0.002736940100,80
0.002739114000,40
0.002741287900,80
0.002743461800,40
0.002745635700,80
0.002747809600,80
0.002749983500,80
0.002752157400,80
0.002754331300,80
0.002756505200,80
0.002758679100,80
0.002760853000,80
0.002763026900,80
0.002765200800,80
0.002767374700,80
0.002769548600,80
0.002771722500,80
0.002773896400,80
0.002776070300,80
0.002778244200,80
0.002780418100,80
0.002782592000,80
0.002784765900,80
0.002786939800,80
0.002789113700,40
0.002791287600,80
0.002793461500,80
0.002795635400,80
0.002797809300,80
0.002799983200,40
0.002802157100,80
0.002804331000,80
0.002806504900,40
0.002808678800,80
0.002810852700,40
0.002813026600,80
0.002815200500,80
0.002817374400,80
0.002819548300,80
0.002821722200,80
0.002823896100,80
0.002826070000,80
0.002828243900,80
0.002830417800,80
0.002832591700,80
0.002834765600,80
0.002836939500,40
0.002839113400,80
0.002841287300,80
0.002843461200,80
0.002845635100,40
0.002847809000,80
0.002849982900,80
0.002852156800,80
0.002854330700,80
0.002856504600,40
0.002858678500,80
0.002860852400,80
0.002863026300,80
0.002865200200,80
0.002867374100,80
0.002869548000,80
0.002871721900,80
0.002873895800,80
0.002876069700,40
0.002878243600,40
0.002880417500,40
0.002882591400,80
0.002884765300,40
0.002886939200,40
0.002889113100,80
0.002891287000,40
0.002893460900,40
0.002895634800,80
0.002897808700,40
0.002899982600,40
0.002902156500,40
0.002904330400,40
0.002906504300,80
0.002908678200,80
0.002910852100,40
0.002913026000,80
0.002915199900,40
0.002917373800,40
0.002919547700,80
0.002921721600,80
0.002923895500,40
0.002926069400,40
0.002928243300,80
0.002930417200,80
0.002932591100,80
0.002934765000,80
0.002936938900,80
0.002939112800,40
0.002941286700,80
0.002943460600,80
0.002945634500,80
0.002947808400,80
0.002949982300,80
0.002952156200,40
0.002954330100,40
0.002956504000,80
0.002958677900,40
0.002960851800,40
0.002963025700,40
0.002965199600,80
0.002967373500,40
0.002969547400,80
0.002971721300,80
0.002973895200,80
0.002976069100,80
0.002978243000,80
0.002980416900,40
0.002982590800,80
0.002984764700,80
0.002986938600,40
0.002989112500,80
0.002991286400,40
0.002993460300,80
0.002995634200,80
0.002997808100,40
0.002999982000,0
0.003002155900,40
0.003004329800,40
0.003006503700,40
0.003008677600,80
0.003010851500,40
0.003013025400,40
0.003015199300,40
0.003017373200,80
0.003019547100,40
0.003021721000,80
0.003023894900,80
0.003026068800,80
0.003028242700,40
0.003030416600,80
0.003032590500,40
0.003034764400,40
0.003036938300,80
0.003039112200,80
0.003041286100,0
0.003043460000,80
0.003045633900,40
0.003047807800,80
0.003049981700,80
0.003052155600,40
0.003054329500,80
0.003056503400,80
0.003058677300,40
0.003060851200,40
0.003063025100,80
0.003065199000,40
0.003067372900,80
0.003069546800,80
0.003071720700,80
0.003073894600,80
0.003076068500,40
0.003078242400,40
0.003080416300,80
0.003082590200,40
0.003084764100,40
0.003086938000,80
0.003089111900,40
0.003091285800,40
0.003093459700,80
0.003095633600,80
0.003097807500,80
0.003099981400,80
0.003102155300,80
0.003104329200,80
0.003106503100,40
0.003108677000,40
0.003110850900,80
0.003113024800,40
0.003115198700,40
0.003117372600,40
0.003119546500,40
0.003121720400,40
0.003123894300,80
0.003126068200,80
0.003128242100,80
0.003130416000,40
0.003132589900,80
0.003134763800,40
0.003136937700,40
0.003139111600,40
0.003141285500,40
0.003143459400,40
0.003145633300,80
0.003147807200,40
0.003149981100,80
0.003152155000,40
0.003154328900,80
0.003156502800,80
0.003158676700,40
0.003160850600,40
0.003163024500,80
0.003165198400,80
0.003167372300,40
0.003169546200,40
0.003171720100,80
0.003173894000,40
0.003176067900,40
0.003178241800,80
0.003180415700,80
0.003182589600,40
0.003184763500,80
0.003186937400,40
0.003189111300,40
0.003191285200,40
0.003193459100,40
0.003195633000,40
0.003197806900,40
0.003199980800,80
0.003202154700,40
0.003204328600,40
0.003206502500,40
0.003208676400,880
0.003210850300,3320
0.003213024200,3320
0.003215198100,3320
0.003217372000,3320
0.003219545900,3320
0.003221719800,3320
0.003223893700,3360
0.003226067600,3320
0.003228241500,3320
0.003230415400,3320
0.003232589300,3320
0.003234763200,3320
0.003236937100,3320
0.003239111000,3320
0.003241284900,3320
0.003243458800,3320
0.003245632700,3320
0.003247806600,3320
0.003249980500,3320
0.003252154400,3320
0.003254328300,3320
0.003256502200,3320
0.003258676100,3320
0.003260850000,3320
0.003263023900,3320
0.003265197800,3320
0.003267371700,3320
0.003269545600,3320
0.003271719500,3320
0.003273893400,3320
0.003276067300,3320
0.003278241200,3320
0.003280415100,3320
0.003282589000,3320
0.003284762900,3320
0.003286936800,3320
0.003289110700,3320
0.003291284600,3320
0.003293458500,3320
0.003295632400,3320
0.003297806300,3320
0.003299980200,3320
0.003302154100,3320
0.003304328000,3320
0.003306501900,3320
0.003308675800,3320
0.003310849700,3320
0.003313023600,3320
0.003315197500,3320
0.003317371400,3320
0.003319545300,3320
0.003321719200,3320
0.003323893100,3320
0.003326067000,3320
0.003328240900,3320
0.003330414800,3320
0.003332588700,3320
0.003334762600,3320
0.003336936500,3320
0.003339110400,3320
0.003341284300,3320
0.003343458200,3320
0.003345632100,3320
0.003347806000,3320
0.003349979900,3320
0.003352153800,3320
0.003354327700,3320
0.003356501600,3320
0.003358675500,3320
0.003360849400,3320
0.003363023300,3320
0.003365197200,3320
0.003367371100,3320
0.003369545000,3320
0.003371718900,3320
0.003373892800,3320
0.003376066700,3320
0.003378240600,3320
0.003380414500,3320
0.003382588400,3320
0.003384762300,3320
0.003386936200,3320
0.003389110100,3320
0.003391284000,3320
0.003393457900,3320
0.003395631800,3320
0.003397805700,3320
0.003399979600,3320
0.003402153500,3320
0.003404327400,3320
0.003406501300,3320
0.003408675200,3320
0.003410849100,3320
0.003413023000,3320
0.003415196900,3320
0.003417370800,3320
0.003419544700,3320
0.003421718600,3320
0.003423892500,3320
0.003426066400,3320
0.003428240300,3320
0.003430414200,3320
0.003432588100,3320
0.003434762000,3360
0.003436935900,3320
0.003439109800,3320
0.003441283700,3320
0.003443457600,3320
0.003445631500,3320
0.003447805400,3320
0.003449979300,3320
0.003452153200,3320
0.003454327100,3320
0.003456501000,3320
0.003458674900,3320
0.003460848800,3320
0.003463022700,3320
0.003465196600,3320
0.003467370500,3320
0.003469544400,3320
0.003471718300,3320
0.003473892200,3320
0.003476066100,3320
0.003478240000,3320
0.003480413900,3320
0.003482587800,3320
0.003484761700,3320
0.003486935600,3320
0.003489109500,3320
0.003491283400,3360
0.003493457300,3320
0.003495631200,3320
0.003497805100,3320
0.003499979000,3320
0.003502152900,3360
0.003504326800,3360
0.003506500700,3320
0.003508674600,3320
0.003510848500,3320
0.003513022400,3320
0.003515196300,3320
0.003517370200,3320
0.003519544100,3320
0.003521718000,3320
0.003523891900,3320
0.003526065800,3320
0.003528239700,3320
0.003530413600,3320
0.003532587500,3320
0.003534761400,3320
0.003536935300,3360
0.003539109200,3320
0.003541283100,3320
0.003543457000,3320
0.003545630900,3320
0.003547804800,3320
0.003549978700,3320
0.003552152600,3320
0.003554326500,3320
0.003556500400,3320
0.003558674300,3320
0.003560848200,3320
0.003563022100,3320
0.003565196000,3360
0.003567369900,3320
0.003569543800,3320
0.003571717700,3360
0.003573891600,3320
0.003576065500,3360
0.003578239400,3320
0.003580413300,3320
0.003582587200,3360
0.003584761100,3320
0.003586935000,3320
0.003589108900,3320
0.003591282800,3360
0.003593456700,3360
0.003595630600,3320
0.003597804500,3320
0.003599978400,3360
0.003602152300,3360
0.003604326200,3320
0.003606500100,3320
0.003608674000,3320
0.003610847900,3360
0.003613021800,3360
0.003615195700,3320
0.003617369600,3320
0.003619543500,3320
0.003621717400,3320
0.003623891300,3320
0.003626065200,3320
0.003628239100,3320
0.003630413000,3320
0.003632586900,3320
0.003634760800,3320
0.003636934700,3320
0.003639108600,3320
0.003641282500,3320
0.003643456400,3320
0.003645630300,3360
0.003647804200,3320
0.003649978100,3320
0.003652152000,3320
0.003654325900,3320
0.003656499800,3360
0.003658673700,3320
0.003660847600,3320
0.003663021500,3320
0.003665195400,3320
0.003667369300,3360
0.003669543200,3320
0.003671717100,3360
0.003673891000,3360
0.003676064900,3320
0.003678238800,3320
0.003680412700,3320
0.003682586600,3320
0.003684760500,3320
0.003686934400,3360
0.003689108300,3320
0.003691282200,3320
0.003693456100,3320
0.003695630000,3320
0.003697803900,3320
0.003699977800,3320
0.003702151700,3320
0.003704325600,3320
0.003706499500,3360
0.003708673400,3320
0.003710847300,3320
0.003713021200,3320
0.003715195100,3360
0.003717369000,3320
0.003719542900,3320
0.003721716800,3320
0.003723890700,3320
0.003726064600,3360
0.003728238500,3320
0.003730412400,3320
0.003732586300,3320
0.003734760200,3360
0.003736934100,3320
0.003739108000,3320
0.003741281900,3320
0.003743455800,3320
0.003745629700,3360
0.003747803600,3360
0.003749977500,3320
0.003752151400,80
0.003754325300,80
0.003756499200,80
0.003758673100,80
0.003760847000,80
0.003763020900,80
0.003765194800,80
0.003767368700,40
0.003769542600,80
0.003771716500,80
0.003773890400,80
0.003776064300,80
0.003778238200,80
0.003780412100,80
0.003782586000,80
0.003784759900,80
0.003786933800,80
0.003789107700,80
0.003791281600,80
0.003793455500,80
0.003795629400,80
0.003797803300,40
0.003799977200,80
0.003802151100,80
0.003804325000,80
0.003806498900,80
0.003808672800,80
0.003810846700,80
0.003813020600,80
0.003815194500,80
0.003817368400,80
0.003819542300,80
0.003821716200,80
0.003823890100,80
0.003826064000,80
0.003828237900,80
0.003830411800,80
0.003832585700,80
0.003834759600,80
0.003836933500,80
0.003839107400,40
0.003841281300,80
0.003843455200,80
0.003845629100,80
0.003847803000,80
0.003849976900,80
0.003852150800,80
0.003854324700,80
0.003856498600,80
0.003858672500,80
0.003860846400,80
0.003863020300,80
0.003865194200,80
0.003867368100,80
0.003869542000,80
0.003871715900,80
0.003873889800,80
0.003876063700,80
0.003878237600,80
0.003880411500,80
0.003882585400,80
0.003884759300,80
0.003886933200,80
0.003889107100,80
0.003891281000,80
0.003893454900,80
0.003895628800,80
0.003897802700,40
0.003899976600,80
0.003902150500,40
0.003904324400,80
0.003906498300,80
0.003908672200,80
0.003910846100,80
0.003913020000,80
0.003915193900,80
0.003917367800,80
0.003919541700,80
0.003921715600,80
0.003923889500,40
0.003926063400,80
0.003928237300,80
0.003930411200,80
0.003932585100,80
0.003934759000,80
0.003936932900,80
0.003939106800,40
0.003941280700,80
0.003943454600,40
0.003945628500,80
0.003947802400,80
0.003949976300,80
0.003952150200,80
0.003954324100,80
0.003956498000,80
0.003958671900,80
0.003960845800,80
0.003963019700,80
0.003965193600,80
0.003967367500,80
0.003969541400,40
0.003971715300,80
0.003973889200,40
0.003976063100,80
0.003978237000,80
0.003980410900,80
0.003982584800,80
0.003984758700,80
0.003986932600,80
0.003989106500,40
0.003991280400,40
0.003993454300,40
0.003995628200,40
0.003997802100,80
0.003999976000,40
0.004002149900,40
0.004004323800,40
0.004006497700,80
0.004008671600,40
0.004010845500,80
0.004013019400,80
0.004015193300,40
0.004017367200,40
0.004019541100,80
0.004021715000,40
0.004023888900,40
0.004026062800,80
0.004028236700,40
0.004030410600,80
0.004032584500,40
0.004034758400,80
0.004036932300,80
0.004039106200,40
0.004041280100,40
0.004043454000,40
0.004045627900,80
0.004047801800,80
0.004049975700,80
0.004052149600,80
0.004054323500,80
0.004056497400,80
0.004058671300,80
0.004060845200,80
0.004063019100,80
0.004065193000,80
0.004067366900,80
0.004069540800,80
0.004071714700,40
0.004073888600,40
0.004076062500,80
0.004078236400,80
0.004080410300,40
0.004082584200,80
0.004084758100,80
0.004086932000,80
0.004089105900,40
0.004091279800,80
0.004093453700,40
0.004095627600,80
0.004097801500,40
0.004099975400,40
0.004102149300,80
0.004104323200,40
0.004106497100,40
0.004108671000,40
0.004110844900,80
0.004113018800,80
0.004115192700,40
0.004117366600,40
0.004119540500,40
0.004121714400,80
0.004123888300,0
0.004126062200,80
0.004128236100,40
0.004130410000,40
0.004132583900,80
0.004134757800,80
0.004136931700,80
0.004139105600,40
0.004141279500,80
0.004143453400,80
0.004145627300,40
0.004147801200,40
0.004149975100,80
0.004152149000,80
0.004154322900,40
0.004156496800,80
0.004158670700,80
0.004160844600,80
0.004163018500,40
0.004165192400,40
0.004167366300,40
0.004169540200,40
0.004171714100,80
0.004173888000,80
0.004176061900,80
0.004178235800,40
0.004180409700,40
0.004182583600,40
0.004184757500,80
0.004186931400,80
0.004189105300,80
0.004191279200,80
0.004193453100,40
0.004195627000,80
0.004197800900,80
0.004199974800,80
0.004202148700,80
0.004204322600,40
0.004206496500,40
0.004208670400,80
0.004210844300,80
0.004213018200,80
0.004215192100,40
0.004217366000,40
0.004219539900,80
0.004221713800,40
0.004223887700,80
0.004226061600,80
0.004228235500,80
0.004230409400,40
0.004232583300,40
0.004234757200,40
0.004236931100,80
0.004239105000,40
0.004241278900,80
0.004243452800,40
0.004245626700,80
0.004247800600,40
0.004249974500,40
0.004252148400,80
0.004254322300,80
0.004256496200,40
0.004258670100,40
0.004260844000,40
0.004263017900,80
0.004265191800,40
0.004267365700,40
0.004269539600,80
0.004271713500,40
0.004273887400,40
0.004276061300,80
0.004278235200,40
0.004280409100,40
0.004282583000,40
0.004284756900,40
0.004286930800,40
0.004289104700,80
0.004291278600,880
0.004293452500,3320
0.004295626400,3320
0.004297800300,3320
0.004299974200,3320
0.004302148100,3320
0.004304322000,3320
0.004306495900,3320
0.004308669800,3320
0.004310843700,3320
0.004313017600,3320
0.004315191500,3320
0.004317365400,3320
0.004319539300,3320
0.004321713200,3320
0.004323887100,3320
0.004326061000,3320
0.004328234900,3320
0.004330408800,3320
0.004332582700,3320
0.004334756600,3320
0.004336930500,3320
0.004339104400,3320
0.004341278300,3320
0.004343452200,3320
0.004345626100,3320
0.004347800000,3320
0.004349973900,3320
0.004352147800,3320
0.004354321700,3320
0.004356495600,3320
0.004358669500,3320
0.004360843400,3360
0.004363017300,3360
0.004365191200,3320
0.004367365100,3320
0.004369539000,3320
0.004371712900,3320
0.004373886800,3320
0.004376060700,3320
0.004378234600,3320
0.004380408500,3320
0.004382582400,3320
0.004384756300,3320
0.004386930200,3320
0.004389104100,3320
0.004391278000,3320
0.004393451900,3320
0.004395625800,3320
0.004397799700,3320
0.004399973600,3320
0.004402147500,3320
0.004404321400,3320
0.004406495300,3320
0.004408669200,3320
0.004410843100,3320
0.004413017000,3320
0.004415190900,3280
0.004417364800,3320
0.004419538700,3320
0.004421712600,3320
0.004423886500,3320
0.004426060400,3360
0.004428234300,3320
0.004430408200,3320
0.004432582100,3320
0.004434756000,3320
0.004436929900,3320
0.004439103800,3320
0.004441277700,3320
0.004443451600,3320
0.004445625500,3320
0.004447799400,3360
0.004449973300,3320
0.004452147200,3320
0.004454321100,3320
0.004456495000,3320
0.004458668900,3360
0.004460842800,3320
0.004463016700,3320
0.004465190600,3320
0.004467364500,3320
0.004469538400,3320
0.004471712300,3320
0.004473886200,3320
0.004476060100,3320
0.004478234000,3320
0.004480407900,3320
0.004482581800,3320
0.004484755700,3360
0.004486929600,3320
0.004489103500,3320
0.004491277400,3320
0.004493451300,3320
0.004495625200,3320
0.004497799100,3320
0.004499973000,3320
0.004502146900,3320
0.004504320800,3360
0.004506494700,3320
0.004508668600,3360
0.004510842500,3320
0.004513016400,3360
0.004515190300,3320
0.004517364200,3320
0.004519538100,3320
0.004521712000,3320
0.004523885900,3320
0.004526059800,3320
0.004528233700,3320
0.004530407600,3320
0.004532581500,3320
0.004534755400,3320
0.004536929300,3320
0.004539103200,3320
0.004541277100,3320
0.004543451000,3360
0.004545624900,3360
0.004547798800,3320
0.004549972700,3320
0.004552146600,3320
0.004554320500,3320
0.004556494400,3320
0.004558668300,3320
0.004560842200,3320
0.004563016100,3320
0.004565190000,3320
0.004567363900,3320
0.004569537800,3320
0.004571711700,3320
0.004573885600,3320
0.004576059500,3320
0.004578233400,3320
0.004580407300,3320
0.004582581200,3360
0.004584755100,3320
0.004586929000,3320
0.004589102900,3360
0.004591276800,3360
0.004593450700,3320
0.004595624600,3320
0.004597798500,3320
0.004599972400,3320
0.004602146300,3320
0.004604320200,3320
0.004606494100,3320
0.004608668000,3320
0.004610841900,3320
0.004613015800,3320
0.004615189700,3320
0.004617363600,3320
0.004619537500,3320
0.004621711400,3320
0.004623885300,3320
0.004626059200,3320
0.004628233100,3320
0.004630407000,3320
0.004632580900,3320
0.004634754800,3360
0.004636928700,3320
0.004639102600,3320
0.004641276500,3320
0.004643450400,3320
0.004645624300,3320
0.004647798200,3320
0.004649972100,3320
0.004652146000,3360
0.004654319900,3320
0.004656493800,3320
0.004658667700,3320
0.004660841600,3360
0.004663015500,3320
0.004665189400,3320
0.004667363300,3320
0.004669537200,3360
0.004671711100,3320
0.004673885000,3320
0.004676058900,3360
0.004678232800,3320
0.004680406700,3320
0.004682580600,3320
0.004684754500,3360
0.004686928400,3320
0.004689102300,3320
0.004691276200,3320
0.004693450100,3320
0.004695624000,3320
0.004697797900,3320
0.004699971800,3360
0.004702145700,3320
0.004704319600,3320
0.004706493500,3320
0.004708667400,3320
0.004710841300,3360
0.004713015200,3320
0.004715189100,3320
0.004717363000,3360
0.004719536900,3320
0.004721710800,3320
0.004723884700,3320
0.004726058600,3320
0.004728232500,3320
0.004730406400,3320
0.004732580300,3320
0.004734754200,3320
0.004736928100,3320
0.004739102000,3320
0.004741275900,3320
0.004743449800,3320
0.004745623700,3320
0.004747797600,3320
0.004749971500,3360
0.004752145400,3320
0.004754319300,3320
0.004756493200,3320
0.004758667100,3360
0.004760841000,3320
0.004763014900,3320
0.004765188800,3320
0.004767362700,3320
0.004769536600,3360
0.004771710500,3360
0.004773884400,3320
0.004776058300,3320
0.004778232200,3320
0.004780406100,3320
0.004782580000,3320
0.004784753900,3320
0.004786927800,3320
0.004789101700,3320
0.004791275600,3320
0.004793449500,3320
0.004795623400,3320
0.004797797300,3320
0.004799971200,3320
0.004802145100,3320
0.004804319000,3360
0.004806492900,3320
0.004808666800,3320
0.004810840700,3320
0.004813014600,3360
0.004815188500,3360
0.004817362400,3320
0.004819536300,3320
0.004821710200,3360
0.004823884100,3360
0.004826058000,3320
0.004828231900,3320
0.004830405800,3320
0.004832579700,3360
0.004834753600,40
0.004836927500,80
0.004839101400,80
0.004841275300,80
0.004843449200,80
0.004845623100,80
0.004847797000,80
0.004849970900,40
0.004852144800,80
0.004854318700,80
0.004856492600,80
0.004858666500,80
0.004860840400,80
0.004863014300,80
0.004865188200,80
0.004867362100,80
0.004869536000,80
0.004871709900,80
0.004873883800,80
0.004876057700,80
0.004878231600,80
0.004880405500,80
0.004882579400,80
0.004884753300,80
0.004886927200,80
0.004889101100,80
0.004891275000,80
0.004893448900,80
0.004895622800,80
0.004897796700,80
0.004899970600,80
0.004902144500,80
0.004904318400,40
0.004906492300,80
0.004908666200,80
0.004910840100,80
0.004913014000,80
0.004915187900,80
0.004917361800,80
0.004919535700,80
0.004921709600,80
0.004923883500,80
0.004926057400,80
0.004928231300,80
0.004930405200,80
0.004932579100,80
0.004934753000,80
0.004936926900,0
0.004939100800,80
0.004941274700,80
0.004943448600,80
0.004945622500,80
0.004947796400,80
0.004949970300,80
0.004952144200,80
0.004954318100,80
0.004956492000,80
0.004958665900,80
0.004960839800,80
0.004963013700,80
0.004965187600,80
0.004967361500,80
0.004969535400,80
0.004971709300,80
0.004973883200,80
0.004976057100,80
0.004978231000,80
0.004980404900,120
0.004982578800,80
0.004984752700,80
0.004986926600,80
0.004989100500,80
0.004991274400,80
0.004993448300,80
0.004995622200,40
0.004997796100,40
0.004999970000,40
0.005002143900,120
0.005004317800,80
0.005006491700,40
0.005008665600,80
0.005010839500,80
0.005013013400,80
0.005015187300,80
0.005017361200,80
0.005019535100,80
0.005021709000,40
0.005023882900,120
0.005026056800,80
0.005028230700,80
0.005030404600,80
0.005032578500,80
0.005034752400,80
0.005036926300,80
0.005039100200,40
0.005041274100,80
0.005043448000,40
0.005045621900,120
0.005047795800,80
0.005049969700,40
0.005052143600,80
0.005054317500,80
0.005056491400,80
0.005058665300,80
0.005060839200,40
0.005063013100,80
0.005065187000,40
0.005067360900,120
0.005069534800,80
0.005071708700,80
0.005073882600,80
0.005076056500,40
0.005078230400,80
0.005080404300,40
0.005082578200,40
0.005084752100,80
0.005086926000,80
0.005089099900,80
0.005091273800,80
0.005093447700,80
0.005095621600,80
0.005097795500,80
0.005099969400,40
0.005102143300,0
0.005104317200,40
0.005106491100,40
0.005108665000,80
0.005110838900,80
0.005113012800,40
0.005115186700,80
0.005117360600,40
0.005119534500,40
0.005121708400,80
0.005123882300,40
0.005126056200,80
0.005128230100,40
0.005130404000,80
0.005132577900,40
0.005134751800,80
0.005136925700,80
0.005139099600,40
0.005141273500,40
0.005143447400,80
0.005145621300,80
0.005147795200,80
0.005149969100,80
0.005152143000,80
0.005154316900,40
0.005156490800,40
0.005158664700,80
0.005160838600,40
0.005163012500,40
0.005165186400,40
0.005167360300,80
0.005169534200,40
0.005171708100,80
0.005173882000,40
0.005176055900,80
0.005178229800,80
0.005180403700,40
0.005182577600,40
0.005184751500,40
0.005186925400,40
0.005189099300,40
0.005191273200,80
0.005193447100,40
0.005195621000,80
0.005197794900,80
0.005199968800,80
0.005202142700,80
0.005204316600,80
0.005206490500,40
0.005208664400,40
0.005210838300,40
0.005213012200,80
0.005215186100,40
0.005217360000,40
0.005219533900,40
0.005221707800,80
0.005223881700,80
0.005226055600,80
0.005228229500,40
0.005230403400,40
0.005232577300,40
0.005234751200,80
0.005236925100,80
0.005239099000,80
0.005241272900,80
0.005243446800,80
0.005245620700,40
0.005247794600,40
0.005249968500,40
0.005252142400,80
0.005254316300,40
0.005256490200,40
0.005258664100,80
0.005260838000,40
0.005263011900,80
0.005265185800,40
0.005267359700,40
0.005269533600,40
0.005271707500,80
0.005273881400,40
0.005276055300,40
0.005278229200,40
0.005280403100,40
0.005282577000,40
0.005284750900,80
0.005286924800,40
0.005289098700,80
0.005291272600,80
0.005293446500,40
0.005295620400,40
0.005297794300,40
0.005299968200,80
0.005302142100,40
0.005304316000,40
0.005306489900,80
0.005308663800,80
0.005310837700,80
0.005313011600,80
0.005315185500,40
0.005317359400,40
0.005319533300,80
0.005321707200,80
0.005323881100,40
0.005326055000,80
0.005328228900,80
0.005330402800,40
0.005332576700,80
0.005334750600,80
0.005336924500,80
0.005339098400,80
0.005341272300,40
0.005343446200,80
0.005345620100,80
0.005347794000,40
0.005349967900,80
0.005352141800,40
0.005354315700,80
0.005356489600,40
0.005358663500,40
0.005360837400,40
0.005363011300,80
0.005365185200,40
0.005367359100,40
0.005369533000,80
0.005371706900,80
0.005373880800,880
0.005376054700,3320
0.005378228600,3320
0.005380402500,3320
0.005382576400,3360
0.005384750300,3320
0.005386924200,3360
0.005389098100,3320
0.005391272000,3320
0.005393445900,3320
0.005395619800,3320
0.005397793700,3320
0.005399967600,3320
0.005402141500,3320
0.005404315400,3320
0.005406489300,3320
0.005408663200,3320
0.005410837100,3320
0.005413011000,3320
0.005415184900,3320
0.005417358800,3320
0.005419532700,3320
0.005421706600,3320
0.005423880500,3320
0.005426054400,3320
0.005428228300,3320
0.005430402200,3320
0.005432576100,3320
0.005434750000,3320
0.005436923900,3320
0.005439097800,3320
0.005441271700,3320
0.005443445600,3320
0.005445619500,3320
0.005447793400,3320
0.005449967300,3320
0.005452141200,3320
0.005454315100,3320
0.005456489000,3320
0.005458662900,3320
0.005460836800,3320
0.005463010700,3320
0.005465184600,3320
0.005467358500,3320
0.005469532400,3320
0.005471706300,3320
0.005473880200,3320
0.005476054100,3320
0.005478228000,3320
0.005480401900,3320
0.005482575800,3320
0.005484749700,3320
0.005486923600,3320
0.005489097500,3320
0.005491271400,3320
0.005493445300,3320
0.005495619200,3320
0.005497793100,3320
0.005499967000,3320
0.005502140900,3320
0.005504314800,3320
0.005506488700,3320
0.005508662600,3320
0.005510836500,3320
0.005513010400,3320
0.005515184300,3320
0.005517358200,3320
0.005519532100,3320
0.005521706000,3320
0.005523879900,3320
0.005526053800,3320
0.005528227700,3320
0.005530401600,3320
0.005532575500,3320
0.005534749400,3320
0.005536923300,3320
0.005539097200,3320
0.005541271100,3320
0.005543445000,3320
0.005545618900,3320
0.005547792800,3320
0.005549966700,3320
0.005552140600,3320
0.005554314500,3320
0.005556488400,3320
0.005558662300,3320
0.005560836200,3320
0.005563010100,3320
0.005565184000,3320
0.005567357900,3320
0.005569531800,3320
0.005571705700,3320
0.005573879600,3320
0.005576053500,3320
0.005578227400,3320
0.005580401300,3320
0.005582575200,3320
0.005584749100,3320
0.005586923000,3320
0.005589096900,3320
0.005591270800,3320
0.005593444700,3320
0.005595618600,3320
0.005597792500,3320
0.005599966400,3320
0.005602140300,3320
0.005604314200,3320
0.005606488100,3360
0.005608662000,3320
0.005610835900,3320
0.005613009800,3320
0.005615183700,3320
0.005617357600,3320
0.005619531500,3320
0.005621705400,3320
0.005623879300,3320
0.005626053200,3320
0.005628227100,3320
0.005630401000,3320
0.005632574900,3320
0.005634748800,3320
0.005636922700,3320
0.005639096600,3320
0.005641270500,3320
0.005643444400,3320
0.005645618300,3320
0.005647792200,3320
0.005649966100,3320
0.005652140000,3320
0.005654313900,3320
0.005656487800,3320
0.005658661700,3320
0.005660835600,3320
0.005663009500,3320
0.005665183400,3320
0.005667357300,3320
0.005669531200,3320
0.005671705100,3320
0.005673879000,3320
0.005676052900,3320
0.005678226800,3320
0.005680400700,3320
0.005682574600,3320
0.005684748500,3320
0.005686922400,3320
0.005689096300,3320
0.005691270200,3360
0.005693444100,3320
0.005695618000,3320
0.005697791900,3320
0.005699965800,3320
0.005702139700,3320
0.005704313600,3320
0.005706487500,3320
0.005708661400,3320
0.005710835300,3320
0.005713009200,3320
0.005715183100,3320
0.005717357000,3320
0.005719530900,3360
0.005721704800,3320
0.005723878700,3320
0.005726052600,3320
0.005728226500,3320
0.005730400400,3320
0.005732574300,3320
0.005734748200,3320
0.005736922100,3360
0.005739096000,3320
0.005741269900,3320
0.005743443800,3360
0.005745617700,3320
0.005747791600,3320
0.005749965500,3320
0.005752139400,3320
0.005754313300,3320
0.005756487200,3320
0.005758661100,3320
0.005760835000,3320
0.005763008900,3320
0.005765182800,3320
0.005767356700,3320
0.005769530600,3360
0.005771704500,3320
0.005773878400,3320
0.005776052300,3320
0.005778226200,3320
0.005780400100,3320
0.005782574000,3320
0.005784747900,3320
0.005786921800,3360
0.005789095700,3320
0.005791269600,3360
0.005793443500,3360
0.005795617400,3320
0.005797791300,3320
0.005799965200,3320
0.005802139100,3360
0.005804313000,3320
0.005806486900,3360
0.005808660800,3320
0.005810834700,3320
0.005813008600,3320
0.005815182500,3320
0.005817356400,3360
0.005819530300,3320
0.005821704200,3360
0.005823878100,3320
0.005826052000,3360
0.005828225900,3320
0.005830399800,3360
0.005832573700,3320
0.005834747600,3320
0.005836921500,3320
0.005839095400,3320
0.005841269300,3320
0.005843443200,3320
0.005845617100,3320
0.005847791000,3360
0.005849964900,3360
0.005852138800,3320
0.005854312700,3360
0.005856486600,3360
0.005858660500,3320
0.005860834400,3320
0.005863008300,3320
0.005865182200,3320
0.005867356100,3360
0.005869530000,3320
0.005871703900,3360
0.005873877800,3320
0.005876051700,3320
0.005878225600,3360
0.005880399500,3320
0.005882573400,3320
0.005884747300,3360
0.005886921200,3320
0.005889095100,3320
0.005891269000,3320
0.005893442900,3360
0.005895616800,3320
0.005897790700,3320
0.005899964600,3360
0.005902138500,3320
0.005904312400,3320
0.005906486300,3320
0.005908660200,3320
0.005910834100,3320
0.005913008000,3320
0.005915181900,3320
0.005917355800,0
0.005919529700,80
0.005921703600,40
0.005923877500,40
0.005926051400,80
0.005928225300,80
0.005930399200,80
0.005932573100,80
0.005934747000,80
0.005936920900,80
0.005939094800,80
0.005941268700,80
0.005943442600,80
0.005945616500,80
0.005947790400,80
0.005949964300,80
0.005952138200,80
0.005954312100,80
0.005956486000,80
0.005958659900,80
0.005960833800,40
0.005963007700,80
0.005965181600,80
0.005967355500,80
0.005969529400,80
0.005971703300,80
0.005973877200,80
0.005976051100,80
0.005978225000,80
0.005980398900,80
0.005982572800,80
0.005984746700,80
0.005986920600,80
0.005989094500,80
0.005991268400,80
0.005993442300,80
0.005995616200,80
0.005997790100,80
0.005999964000,80
0.006002137900,80
0.006004311800,80
0.006006485700,80
0.006008659600,80
0.006010833500,80
0.006013007400,80
0.006015181300,40
0.006017355200,80
0.006019529100,80
0.006021703000,80
0.006023876900,80
0.006026050800,80
0.006028224700,80
0.006030398600,80
0.006032572500,80
0.006034746400,80
0.006036920300,80
0.006039094200,40
0.006041268100,80
0.006043442000,80
0.006045615900,80
0.006047789800,80
0.006049963700,80
0.006052137600,80
0.006054311500,80
0.006056485400,40
0.006058659300,80
0.006060833200,80
0.006063007100,80
0.006065181000,80
0.006067354900,40
0.006069528800,80
0.006071702700,40
0.006073876600,80
0.006076050500,40
0.006078224400,80
0.006080398300,80
0.006082572200,80
0.006084746100,80
0.006086920000,80
0.006089093900,40
0.006091267800,80
0.006093441700,40
0.006095615600,40
0.006097789500,40
0.006099963400,80
0.006102137300,80
0.006104311200,80
0.006106485100,80
0.006108659000,80
0.006110832900,80
0.006113006800,40
0.006115180700,80
0.006117354600,80
0.006119528500,80
0.006121702400,80
0.006123876300,80
0.006126050200,40
0.006128224100,80
0.006130398000,80
0.006132571900,80
0.006134745800,80
0.006136919700,80
0.006139093600,80
0.006141267500,80
0.006143441400,80
0.006145615300,80
0.006147789200,80
0.006149963100,40
0.006152137000,40
0.006154310900,40
0.006156484800,80
0.006158658700,40
0.006160832600,40
0.006163006500,80
0.006165180400,40
0.006167354300,80
0.006169528200,40
0.006171702100,80
0.006173876000,80
0.006176049900,40
0.006178223800,80
0.006180397700,40
0.006182571600,80
0.006184745500,80
0.006186919400,80
0.006189093300,40
0.006191267200,80
0.006193441100,40
0.006195615000,40
0.006197788900,40
0.006199962800,40
0.006202136700,80
0.006204310600,40
0.006206484500,80
0.006208658400,80
0.006210832300,80
0.006213006200,40
0.006215180100,80
0.006217354000,80
0.006219527900,40
0.006221701800,40
0.006223875700,80
0.006226049600,40
0.006228223500,80
0.006230397400,80
0.006232571300,80
0.006234745200,40
0.006236919100,40
0.006239093000,80
0.006241266900,40
0.006243440800,40
0.006245614700,40
0.006247788600,80
0.006249962500,80
0.006252136400,80
0.006254310300,80
0.006256484200,80
0.006258658100,40
0.006260832000,40
0.006263005900,80
0.006265179800,40
0.006267353700,40
0.006269527600,80
0.006271701500,80
0.006273875400,80
0.006276049300,80
0.006278223200,40
0.006280397100,80
0.006282571000,80
0.006284744900,80
0.006286918800,80
0.006289092700,40
0.006291266600,40
0.006293440500,80
0.006295614400,80
0.006297788300,80
0.006299962200,40
0.006302136100,80
0.006304310000,80
0.006306483900,80
0.006308657800,40
0.006310831700,80
0.006313005600,80
0.006315179500,80
0.006317353400,80
0.006319527300,40
0.006321701200,80
0.006323875100,80
0.006326049000,80
0.006328222900,80
0.006330396800,80
0.006332570700,80
0.006334744600,80
0.006336918500,80
0.006339092400,80
0.006341266300,80
0.006343440200,40
0.006345614100,80
0.006347788000,40
0.006349961900,80
0.006352135800,80
0.006354309700,80
0.006356483600,40
0.006358657500,80
0.006360831400,80
0.006363005300,40
0.006365179200,40
0.006367353100,40
0.006369527000,80
0.006371700900,80
0.006373874800,40
0.006376048700,80
0.006378222600,80
0.006380396500,80
0.006382570400,80
0.006384744300,80
0.006386918200,80
0.006389092100,40
0.006391266000,40
0.006393439900,40
0.006395613800,40
0.006397787700,40
0.006399961600,80
0.006402135500,80
0.006404309400,80
0.006406483300,80
0.006408657200,80
0.006410831100,40
0.006413005000,40
0.006415178900,40
0.006417352800,80
0.006419526700,80
0.006421700600,80
0.006423874500,80
0.006426048400,80
0.006428222300,80
0.006430396200,40
0.006432570100,80
0.006434744000,40
0.006436917900,80
0.006439091800,80
0.006441265700,40
0.006443439600,80
0.006445613500,80
0.006447787400,80
0.006449961300,40
0.006452135200,80
0.006454309100,80
0.006456483000,80
0.006458656900,40
0.006460830800,880
0.006463004700,3320
0.006465178600,3320
0.006467352500,3320
0.006469526400,3320
0.006471700300,3320
0.006473874200,3320
0.006476048100,3320
0.006478222000,3320
0.006480395900,3320
0.006482569800,3320
0.006484743700,3320
0.006486917600,3320
0.006489091500,3320
0.006491265400,3320
0.006493439300,3320
0.006495613200,3320
0.006497787100,3320
0.006499961000,3320
0.006502134900,3320
0.006504308800,3320
0.006506482700,3320
0.006508656600,3320
0.006510830500,3320
0.006513004400,3320
0.006515178300,3320
0.006517352200,3320
0.006519526100,3320
0.006521700000,3320
0.006523873900,3320
0.006526047800,3320
0.006528221700,3320
0.006530395600,3320
0.006532569500,3320
0.006534743400,3320
0.006536917300,3320
0.006539091200,3320
0.006541265100,3320
0.006543439000,3320
0.006545612900,3320
0.006547786800,3320
0.006549960700,3320
0.006552134600,3320
0.006554308500,3320
0.006556482400,3320
0.006558656300,3320
0.006560830200,3320
0.006563004100,3320
0.006565178000,3320
0.006567351900,3320
0.006569525800,3320
0.006571699700,3320
0.006573873600,3320
0.006576047500,3320
0.006578221400,3320
0.006580395300,3320
0.006582569200,3320
0.006584743100,3320
0.006586917000,3360
0.006589090900,3320
0.006591264800,3320
0.006593438700,3320
0.006595612600,3320
0.006597786500,3320
0.006599960400,3320
0.006602134300,3320
0.006604308200,3320
0.006606482100,3320
0.006608656000,3320
0.006610829900,3320
0.006613003800,3320
0.006615177700,3320
0.006617351600,3320
0.006619525500,3320
0.006621699400,3320
0.006623873300,3320
0.006626047200,3320
0.006628221100,3320
0.006630395000,3320
0.006632568900,3320
0.006634742800,3320
0.006636916700,3320
0.006639090600,3320
0.006641264500,3320
0.006643438400,3320
0.006645612300,3360
0.006647786200,3320
0.006649960100,3320
0.006652134000,3320
0.006654307900,3320
0.006656481800,3320
0.006658655700,3360
0.006660829600,3320
0.006663003500,3320
0.006665177400,3320
0.006667351300,3320
0.006669525200,3320
0.006671699100,3320
0.006673873000,3320
0.006676046900,3320
0.006678220800,3320
0.006680394700,3360
0.006682568600,3320
0.006684742500,3320
0.006686916400,3320
0.006689090300,3360
0.006691264200,3320
0.006693438100,3320
0.006695612000,3320
0.006697785900,3320
0.006699959800,3320
0.006702133700,3320
0.006704307600,3320
0.006706481500,3320
0.006708655400,3320
0.006710829300,3320
0.006713003200,3320
0.006715177100,3320
0.006717351000,3320
0.006719524900,3320
0.006721698800,3320
0.006723872700,3320
0.006726046600,3320
0.006728220500,3360
0.006730394400,3320
0.006732568300,3320
0.006734742200,3320
0.006736916100,3320
0.006739090000,3360
0.006741263900,3360
0.006743437800,3360
0.006745611700,3320
0.006747785600,3320
0.006749959500,3320
0.006752133400,3320
0.006754307300,3320
0.006756481200,3320
0.006758655100,3320
0.006760829000,3320
0.006763002900,3360
0.006765176800,3320
0.006767350700,3360
0.006769524600,3320
0.006771698500,3360
0.006773872400,3320
0.006776046300,3320
0.006778220200,3320
0.006780394100,3320
0.006782568000,3320
0.006784741900,3320
0.006786915800,3320
0.006789089700,3320
0.006791263600,3320
0.006793437500,3360
0.006795611400,3360
0.006797785300,3320
0.006799959200,3320
0.006802133100,3320
0.006804307000,3320
0.006806480900,3320
0.006808654800,3320
0.006810828700,3320
0.006813002600,3320
0.006815176500,3320
0.006817350400,3360
0.006819524300,3320
0.006821698200,3320
0.006823872100,3320
0.006826046000,3320
0.006828219900,3360
0.006830393800,3320
0.006832567700,3320
0.006834741600,3320
0.006836915500,3320
0.006839089400,3320
0.006841263300,3320
0.006843437200,3320
0.006845611100,3320
0.006847785000,3320
0.006849958900,3320
0.006852132800,3320
0.006854306700,3320
0.006856480600,3320
0.006858654500,3320
0.006860828400,3360
0.006863002300,3320
0.006865176200,3320
0.006867350100,3320
0.006869524000,3320
0.006871697900,3360
0.006873871800,3320
0.006876045700,3320
0.006878219600,3320
0.006880393500,3320
0.006882567400,3320
0.006884741300,3360
0.006886915200,3320
0.006889089100,3320
0.006891263000,3360
0.006893436900,3320
0.006895610800,3320
0.006897784700,3320
0.006899958600,3320
0.006902132500,3320
0.006904306400,3360
0.006906480300,3360
0.006908654200,3320
0.006910828100,3360
0.006913002000,3320
0.006915175900,3320
0.006917349800,3320
0.006919523700,3320
0.006921697600,3320
0.006923871500,3320
0.006926045400,3360
0.006928219300,3320
0.006930393200,3320
0.006932567100,3320
0.006934741000,3320
0.006936914900,3320
0.006939088800,3320
0.006941262700,3320
0.006943436600,3320
0.006945610500,3320
0.006947784400,3320
0.006949958300,3320
0.006952132200,3320
0.006954306100,3320
0.006956480000,3320
0.006958653900,3360
0.006960827800,3320
0.006963001700,3320
0.006965175600,3320
0.006967349500,3320
0.006969523400,3360
0.006971697300,3320
0.006973871200,3320
0.006976045100,3320
0.006978219000,3320
0.006980392900,3320
0.006982566800,3320
0.006984740700,3320
0.006986914600,3320
0.006989088500,3320
0.006991262400,3320
0.006993436300,3360
0.006995610200,3320
0.006997784100,3320
0.006999958000,40
0.007002131900,40
0.007004305800,80
0.007006479700,80
0.007008653600,80
0.007010827500,80
0.007013001400,80
0.007015175300,80
0.007017349200,80
0.007019523100,80
0.007021697000,40
0.007023870900,40
0.007026044800,40
0.007028218700,80
0.007030392600,80
0.007032566500,80
0.007034740400,80
0.007036914300,80
0.007039088200,80
0.007041262100,80
0.007043436000,80
0.007045609900,80
0.007047783800,80
0.007049957700,80
0.007052131600,80
0.007054305500,80
0.007056479400,80
0.007058653300,80
0.007060827200,80
0.007063001100,80
0.007065175000,80
0.007067348900,80
0.007069522800,80
0.007071696700,80
0.007073870600,80
0.007076044500,80
0.007078218400,80
0.007080392300,80
0.007082566200,80
0.007084740100,80
0.007086914000,80
0.007089087900,80
0.007091261800,80
0.007093435700,80
0.007095609600,80
0.007097783500,80
0.007099957400,80
0.007102131300,80
0.007104305200,80
0.007106479100,80
0.007108653000,80
0.007110826900,40
0.007113000800,80
0.007115174700,80
0.007117348600,80
0.007119522500,80
0.007121696400,80
0.007123870300,80
0.007126044200,80
0.007128218100,80
0.007130392000,80
0.007132565900,40
0.007134739800,80
0.007136913700,80
0.007139087600,40
0.007141261500,80
0.007143435400,80
0.007145609300,40
0.007147783200,80
0.007149957100,80
0.007152131000,80
0.007154304900,80
0.007156478800,40
0.007158652700,80
0.007160826600,80
0.007163000500,80
0.007165174400,80
0.007167348300,80
0.007169522200,40
0.007171696100,80
0.007173870000,80
0.007176043900,80
0.007178217800,40
0.007180391700,80
0.007182565600,80
0.007184739500,80
0.007186913400,80
0.007189087300,80
0.007191261200,40
0.007193435100,80
0.007195609000,80
0.007197782900,40
0.007199956800,80
0.007202130700,80
0.007204304600,80
0.007206478500,80
0.007208652400,40
0.007210826300,80
0.007213000200,40
0.007215174100,40
0.007217348000,80
0.007219521900,40
0.007221695800,80
0.007223869700,80
0.007226043600,80
0.007228217500,80
0.007230391400,80
0.007232565300,80
0.007234739200,80
0.007236913100,80
0.007239087000,80
0.007241260900,40
0.007243434800,80
0.007245608700,40
0.007247782600,40
0.007249956500,80
0.007252130400,80
0.007254304300,80
0.007256478200,80
0.007258652100,80
0.007260826000,80
0.007262999900,40
0.007265173800,80
0.007267347700,80
0.007269521600,40
0.007271695500,80
0.007273869400,40
0.007276043300,80
0.007278217200,80
0.007280391100,40
0.007282565000,80
0.007284738900,80
0.007286912800,40
0.007289086700,80
0.007291260600,40
0.007293434500,40
0.007295608400,80
0.007297782300,80
0.007299956200,80
0.007302130100,80
0.007304304000,80
0.007306477900,80
0.007308651800,40
0.007310825700,40
0.007312999600,40
0.007315173500,40
0.007317347400,80
0.007319521300,80
0.007321695200,80
0.007323869100,40
0.007326043000,80
0.007328216900,40
0.007330390800,80
0.007332564700,80
0.007334738600,80
0.007336912500,40
0.007339086400,80
0.007341260300,80
0.007343434200,80
0.007345608100,80
0.007347782000,40
0.007349955900,40
0.007352129800,80
0.007354303700,80
0.007356477600,40
0.007358651500,40
0.007360825400,40
0.007362999300,40
0.007365173200,80
0.007367347100,80
0.007369521000,80
0.007371694900,80
0.007373868800,80
0.007376042700,80
0.007378216600,80
0.007380390500,80
0.007382564400,80
0.007384738300,40
0.007386912200,80
0.007389086100,80
0.007391260000,40
0.007393433900,80
0.007395607800,40
0.007397781700,40
0.007399955600,40
0.007402129500,80
0.007404303400,80
0.007406477300,40
0.007408651200,80
0.007410825100,40
0.007412999000,80
0.007415172900,80
0.007417346800,80
0.007419520700,80
0.007421694600,40
0.007423868500,80
0.007426042400,40
0.007428216300,40
0.007430390200,80
0.007432564100,80
0.007434738000,80
0.007436911900,80
0.007439085800,80
0.007441259700,80
0.007443433600,80
0.007445607500,80
0.007447781400,40
0.007449955300,40
0.007452129200,80
0.007454303100,80
0.007456477000,40
0.007458650900,80
0.007460824800,80
0.007462998700,40
0.007465172600,80
0.007467346500,80
0.007469520400,40
0.007471694300,40
0.007473868200,40
0.007476042100,40
0.007478216000,40
0.007480389900,80
0.007482563800,40
0.007484737700,40
0.007486911600,40
0.007489085500,80
0.007491259400,80
0.007493433300,40
0.007495607200,40
0.007497781100,40
0.007499955000,40
0.007502128900,40
0.007504302800,80
0.007506476700,80
0.007508650600,40
0.007510824500,80
0.007512998400,80
0.007515172300,40
0.007517346200,40
0.007519520100,40
0.007521694000,40
0.007523867900,40
0.007526041800,80
0.007528215700,40
0.007530389600,40
0.007532563500,40
0.007534737400,40
0.007536911300,80
0.007539085200,40
0.007541259100,80
0.007543433000,880
0.007545606900,3320
0.007547780800,3360
0.007549954700,3320
0.007552128600,3320
0.007554302500,3320
0.007556476400,3320
0.007558650300,3320
0.007560824200,3320
0.007562998100,3320
0.007565172000,3320
0.007567345900,3320
0.007569519800,3320
0.007571693700,3320
0.007573867600,3320
0.007576041500,3320
0.007578215400,3320
0.007580389300,3320
0.007582563200,3320
0.007584737100,3320
0.007586911000,3320
0.007589084900,3320
0.007591258800,3320
0.007593432700,3320
0.007595606600,3320
0.007597780500,3320
0.007599954400,3320
0.007602128300,3320
0.007604302200,3320
0.007606476100,3320
0.007608650000,3320
0.007610823900,3320
0.007612997800,3320
0.007615171700,3320
0.007617345600,3320
0.007619519500,3320
0.007621693400,3320
0.007623867300,3320
0.007626041200,3320
0.007628215100,3320
0.007630389000,3320
0.007632562900,3320
0.007634736800,3320
0.007636910700,3320
0.007639084600,3320
0.007641258500,3320
0.007643432400,3320
0.007645606300,3320
0.007647780200,3320
0.007649954100,3320
0.007652128000,3320
0.007654301900,3320
0.007656475800,3320
0.007658649700,3320
0.007660823600,3320
0.007662997500,3320
0.007665171400,3320
0.007667345300,3320
0.007669519200,3320
0.007671693100,3320
0.007673867000,3320
0.007676040900,3320
0.007678214800,3320
0.007680388700,3320
0.007682562600,3320
0.007684736500,3320
0.007686910400,3320
0.007689084300,3320
0.007691258200,3320
0.007693432100,3320
0.007695606000,3320
0.007697779900,3320
0.007699953800,3320
0.007702127700,3320
0.007704301600,3320
0.007706475500,3320
0.007708649400,3320
0.007710823300,3320
0.007712997200,3320
0.007715171100,3320
0.007717345000,3320
0.007719518900,3320
0.007721692800,3320
0.007723866700,3360
0.007726040600,3320
0.007728214500,3320
0.007730388400,3320
0.007732562300,3320
0.007734736200,3320
0.007736910100,3320
0.007739084000,3320
0.007741257900,3320
0.007743431800,3320
0.007745605700,3320
0.007747779600,3320
0.007749953500,3320
0.007752127400,3320
0.007754301300,3320
0.007756475200,3360
0.007758649100,3320
0.007760823000,3320
0.007762996900,3320
0.007765170800,3320
0.007767344700,3320
0.007769518600,3320
0.007771692500,3320
0.007773866400,3320
0.007776040300,3320
0.007778214200,3360
0.007780388100,3360
0.007782562000,3320
0.007784735900,3320
0.007786909800,3320
0.007789083700,3360
0.007791257600,3320
0.007793431500,3320
0.007795605400,3320
0.007797779300,3320
0.007799953200,3320
0.007802127100,3320
0.007804301000,3320
0.007806474900,3320
0.007808648800,3320
0.007810822700,3320
0.007812996600,3320
0.007815170500,3320
0.007817344400,3320
0.007819518300,3320
0.007821692200,3320
0.007823866100,3320
0.007826040000,3320
0.007828213900,3320
0.007830387800,3320
0.007832561700,3320
0.007834735600,3360
0.007836909500,3360
0.007839083400,3320
0.007841257300,3320
0.007843431200,3320
0.007845605100,3320
0.007847779000,3320
0.007849952900,3320
0.007852126800,3360
0.007854300700,3320
0.007856474600,3320
0.007858648500,3320
0.007860822400,3320
0.007862996300,3320
0.007865170200,3320
0.007867344100,3320
0.007869518000,3320
0.007871691900,3320
0.007873865800,3320
0.007876039700,3320
0.007878213600,3320
0.007880387500,3320
0.007882561400,3320
0.007884735300,3320
0.007886909200,3360
0.007889083100,3320
0.007891257000,3320
0.007893430900,3320
0.007895604800,3320
0.007897778700,3320
0.007899952600,3320
0.007902126500,3320
0.007904300400,3320
0.007906474300,3320
0.007908648200,3320
0.007910822100,3320
0.007912996000,3360
0.007915169900,3320
0.007917343800,3320
0.007919517700,3320
0.007921691600,3320
0.007923865500,3320
0.007926039400,3360
0.007928213300,3320
0.007930387200,3320
0.007932561100,3320
0.007934735000,3320
0.007936908900,3320
0.007939082800,3320
0.007941256700,3320
0.007943430600,3320
0.007945604500,3320
0.007947778400,3320
0.007949952300,3320
0.007952126200,3320
0.007954300100,3320
0.007956474000,3320
0.007958647900,3320
0.007960821800,3320
0.007962995700,3320
0.007965169600,3360
0.007967343500,3360
0.007969517400,3320
0.007971691300,3320
0.007973865200,3320
0.007976039100,3320
0.007978213000,3320
0.007980386900,3320
0.007982560800,3320
0.007984734700,3320
0.007986908600,3360
0.007989082500,3320
0.007991256400,3320
0.007993430300,3320
0.007995604200,3320
0.007997778100,3320
0.007999952000,3320
0.008002125900,3320
0.008004299800,3320
0.008006473700,3320
0.008008647600,3320
0.008010821500,3320
0.008012995400,3320
0.008015169300,3320
0.008017343200,3320
0.008019517100,3320
0.008021691000,3320
0.008023864900,3320
0.008026038800,3320
0.008028212700,3360
0.008030386600,3320
0.008032560500,3320
0.008034734400,3320
0.008036908300,3320
0.008039082200,3320
0.008041256100,3320
0.008043430000,3320
0.008045603900,3320
0.008047777800,3320
0.008049951700,3360
0.008052125600,3320
0.008054299500,3320
0.008056473400,3320
0.008058647300,3320
0.008060821200,3320
0.008062995100,3320
0.008065169000,3320
0.008067342900,3320
0.008069516800,3320
0.008071690700,3320
0.008073864600,3320
0.008076038500,3320
0.008078212400,3320
0.008080386300,3320
0.008082560200,40
0.008084734100,40
0.008086908000,80
0.008089081900,80
0.008091255800,80
0.008093429700,80
0.008095603600,80
0.008097777500,80
0.008099951400,80
0.008102125300,80
0.008104299200,80
0.008106473100,80
0.008108647000,80
0.008110820900,80
0.008112994800,0
0.008115168700,80
0.008117342600,80
0.008119516500,80
0.008121690400,80
0.008123864300,80
0.008126038200,80
0.008128212100,80
0.008130386000,80
0.008132559900,80
0.008134733800,80
0.008136907700,80
0.008139081600,80
0.008141255500,80
0.008143429400,80
0.008145603300,80
0.008147777200,80
0.008149951100,80
0.008152125000,80
0.008154298900,80
0.008156472800,80
0.008158646700,80
0.008160820600,80
0.008162994500,80
0.008165168400,80
0.008167342300,80
0.008169516200,80
0.008171690100,80
0.008173864000,80
0.008176037900,80
0.008178211800,80
0.008180385700,80
0.008182559600,80
0.008184733500,80
0.008186907400,80
0.008189081300,80
0.008191255200,80
0.008193429100,80
0.008195603000,80
0.008197776900,80
0.008199950800,80
0.008202124700,80
0.008204298600,80
0.008206472500,80
0.008208646400,80
0.008210820300,80
0.008212994200,80
0.008215168100,80
0.008217342000,40
0.008219515900,80
0.008221689800,80
0.008223863700,80
0.008226037600,40
0.008228211500,40
0.008230385400,80
0.008232559300,80
0.008234733200,80
0.008236907100,80
0.008239081000,80
0.008241254900,80
0.008243428800,40
0.008245602700,80
0.008247776600,80
0.008249950500,80
0.008252124400,40
0.008254298300,80
0.008256472200,80
0.008258646100,40
0.008260820000,80
0.008262993900,80
0.008265167800,80
0.008267341700,80
0.008269515600,80
0.008271689500,40
0.008273863400,80
0.008276037300,80
0.008278211200,40
0.008280385100,80
0.008282559000,80
0.008284732900,80
0.008286906800,40
0.008289080700,80
0.008291254600,80
0.008293428500,80
0.008295602400,80
0.008297776300,80
0.008299950200,80
0.008302124100,80
0.008304298000,80
0.008306471900,80
0.008308645800,80
0.008310819700,80
0.008312993600,40
0.008315167500,40
0.008317341400,80
0.008319515300,80
0.008321689200,80
0.008323863100,40
0.008326037000,80
0.008328210900,80
0.008330384800,80
0.008332558700,80
0.008334732600,80
0.008336906500,80
0.008339080400,40
0.008341254300,40
0.008343428200,80
0.008345602100,80
0.008347776000,80
0.008349949900,40
0.008352123800,80
0.008354297700,80
0.008356471600,80
0.008358645500,80
0.008360819400,80
0.008362993300,80
0.008365167200,80
0.008367341100,40
0.008369515000,80
0.008371688900,80
0.008373862800,80
0.008376036700,40
0.008378210600,40
0.008380384500,80
0.008382558400,80
0.008384732300,80
0.008386906200,80
0.008389080100,80
0.008391254000,80
0.008393427900,80
0.008395601800,80
0.008397775700,80
0.008399949600,80
0.008402123500,80
0.008404297400,40
0.008406471300,80
0.008408645200,80
0.008410819100,40
0.008412993000,80
0.008415166900,40
0.008417340800,80
0.008419514700,80
0.008421688600,40
0.008423862500,80
0.008426036400,40
0.008428210300,40
0.008430384200,80
0.008432558100,80
0.008434732000,80
0.008436905900,80
0.008439079800,80
0.008441253700,80
0.008443427600,40
0.008445601500,40
0.008447775400,40
0.008449949300,40
0.008452123200,80
0.008454297100,40
0.008456471000,80
0.008458644900,40
0.008460818800,80
0.008462992700,80
0.008465166600,80
0.008467340500,40
0.008469514400,80
0.008471688300,80
0.008473862200,40
0.008476036100,80
0.008478210000,40
0.008480383900,40
0.008482557800,80
0.008484731700,80
0.008486905600,80
0.008489079500,40
0.008491253400,40
0.008493427300,80
0.008495601200,80
0.008497775100,40
0.008499949000,40
0.008502122900,80
0.008504296800,80
0.008506470700,40
0.008508644600,40
0.008510818500,80
0.008512992400,80
0.008515166300,40
0.008517340200,40
0.008519514100,80
0.008521688000,40
0.008523861900,80
0.008526035800,80
0.008528209700,40
0.008530383600,80
0.008532557500,40
0.008534731400,80
0.008536905300,80
0.008539079200,80
0.008541253100,40
0.008543427000,80
0.008545600900,80
0.008547774800,80
0.008549948700,40
0.008552122600,80
0.008554296500,40
0.008556470400,80
0.008558644300,80
0.008560818200,80
0.008562992100,80
0.008565166000,40
0.008567339900,40
0.008569513800,80
0.008571687700,80
0.008573861600,80
0.008576035500,40
0.008578209400,80
0.008580383300,80
0.008582557200,80
0.008584731100,80
0.008586905000,40
0.008589078900,40
0.008591252800,80
0.008593426700,80
0.008595600600,40
0.008597774500,40
0.008599948400,80
0.008602122300,80
0.008604296200,40
0.008606470100,80
0.008608644000,40
0.008610817900,40
0.008612991800,40
0.008615165700,80
0.008617339600,40
0.008619513500,80
0.008621687400,40
0.008623861300,80
0.008626035200,880
0.008628209100,3320
0.008630383000,3320
0.008632556900,3320
0.008634730800,3320
0.008636904700,3320
0.008639078600,3320
0.008641252500,3320
0.008643426400,3320
0.008645600300,3320
0.008647774200,3320
0.008649948100,3320
0.008652122000,3320
0.008654295900,3320
0.008656469800,3320
0.008658643700,3320
0.008660817600,3320
0.008662991500,3320
0.008665165400,3320
0.008667339300,3320
0.008669513200,3320
0.008671687100,3320
0.008673861000,3320
0.008676034900,3320
0.008678208800,3320
0.008680382700,3320
0.008682556600,3320
0.008684730500,3320
0.008686904400,3320
0.008689078300,3320
0.008691252200,3320
0.008693426100,3320
